issue_link,issue_text
http://www.digitalhumanities.org/dhq/vol/17/2/index.html,2023: 17.2
http://www.digitalhumanities.org/dhq/preview/index.html,2023: 17.3
http://www.digitalhumanities.org/dhq/vol/17/1/index.html,2023: 17.1
http://www.digitalhumanities.org/dhq/vol/16/4/index.html,2022: 16.4
http://www.digitalhumanities.org/dhq/vol/16/3/index.html,2022: 16.3
http://www.digitalhumanities.org/dhq/vol/16/2/index.html,2022: 16.2
http://www.digitalhumanities.org/dhq/vol/16/1/index.html,2022: 16.1
http://www.digitalhumanities.org/dhq/vol/15/4/index.html,2021: 15.4
http://www.digitalhumanities.org/dhq/vol/15/3/index.html,2021: 15.3
http://www.digitalhumanities.org/dhq/vol/15/2/index.html,2021: 15.2
http://www.digitalhumanities.org/dhq/vol/15/1/index.html,2021: 15.1
http://www.digitalhumanities.org/dhq/vol/14/4/index.html,2020: 14.4
http://www.digitalhumanities.org/dhq/vol/14/3/index.html,2020: 14.3
http://www.digitalhumanities.org/dhq/vol/14/2/index.html,2020: 14.2
http://www.digitalhumanities.org/dhq/vol/14/1/index.html,2020: 14.1
http://www.digitalhumanities.org/dhq/vol/13/4/index.html,2019: 13.4
http://www.digitalhumanities.org/dhq/vol/13/3/index.html,2019: 13.3
http://www.digitalhumanities.org/dhq/vol/13/2/index.html,2019: 13.2
http://www.digitalhumanities.org/dhq/vol/13/1/index.html,2019: 13.1
http://www.digitalhumanities.org/dhq/vol/12/4/index.html,2018: 12.4
http://www.digitalhumanities.org/dhq/vol/12/3/index.html,2018: 12.3
http://www.digitalhumanities.org/dhq/vol/12/2/index.html,2018: 12.2
http://www.digitalhumanities.org/dhq/vol/12/1/index.html,2018: 12.1
http://www.digitalhumanities.org/dhq/vol/11/4/index.html,2017: 11.4
http://www.digitalhumanities.org/dhq/vol/11/3/index.html,2017: 11.3
http://www.digitalhumanities.org/dhq/vol/11/2/index.html,2017: 11.2
http://www.digitalhumanities.org/dhq/vol/11/1/index.html,2017: 11.1
http://www.digitalhumanities.org/dhq/vol/10/4/index.html,2016: 10.4
http://www.digitalhumanities.org/dhq/vol/10/3/index.html,2016: 10.3
http://www.digitalhumanities.org/dhq/vol/10/2/index.html,2016: 10.2
http://www.digitalhumanities.org/dhq/vol/10/1/index.html,2016: 10.1
http://www.digitalhumanities.org/dhq/vol/9/4/index.html,2015: 9.4
http://www.digitalhumanities.org/dhq/vol/9/3/index.html,2015: 9.3
http://www.digitalhumanities.org/dhq/vol/9/2/index.html,2015: 9.2
http://www.digitalhumanities.org/dhq/vol/9/1/index.html,2015: 9.1
http://www.digitalhumanities.org/dhq/vol/8/4/index.html,2014: 8.4
http://www.digitalhumanities.org/dhq/vol/8/3/index.html,2014: 8.3
http://www.digitalhumanities.org/dhq/vol/8/2/index.html,2014: 8.2
http://www.digitalhumanities.org/dhq/vol/8/1/index.html,2014: 8.1
http://www.digitalhumanities.org/dhq/vol/7/3/index.html,2013: 7.3
http://www.digitalhumanities.org/dhq/vol/7/2/index.html,2013: 7.2
http://www.digitalhumanities.org/dhq/vol/7/1/index.html,2013: 7.1
http://www.digitalhumanities.org/dhq/vol/6/3/index.html,2012: 6.3
http://www.digitalhumanities.org/dhq/vol/6/2/index.html,2012: 6.2
http://www.digitalhumanities.org/dhq/vol/6/1/index.html,2012: 6.1
http://www.digitalhumanities.org/dhq/vol/5/3/index.html,2011: 5.3
http://www.digitalhumanities.org/dhq/vol/5/2/index.html,2011: 5.2
http://www.digitalhumanities.org/dhq/vol/5/1/index.html,2011: 5.1
http://www.digitalhumanities.org/dhq/vol/4/2/index.html,2010: 4.2
http://www.digitalhumanities.org/dhq/vol/4/1/index.html,2010: 4.1
http://www.digitalhumanities.org/dhq/vol/3/4/index.html,2009: 3.4
http://www.digitalhumanities.org/dhq/vol/3/3/index.html,2009: 3.3
http://www.digitalhumanities.org/dhq/vol/3/2/index.html,2009: 3.2
http://www.digitalhumanities.org/dhq/vol/3/1/index.html,2009: 3.1
http://www.digitalhumanities.org/dhq/vol/2/1/index.html,2008: 2.1
http://www.digitalhumanities.org/dhq/vol/1/2/index.html,2007: 1.2
http://www.digitalhumanities.org/dhq/vol/1/1/index.html,2007: 1.1
